Before_Calibration,After_Calibration
25.498744910962415,12.546341986819943
